<application>
  <component name="FeatureSuggesterSettings">
    <option name="workingDays">
      <list>
        <option value="1651165330632" />
        <option value="1651251674326" />
        <option value="1651342761748" />
        <option value="1651430782033" />
        <option value="1651512706593" />
        <option value="1651600056862" />
        <option value="1651683695772" />
        <option value="1651770730339" />
        <option value="1651858606519" />
        <option value="1651943027186" />
        <option value="1652033811892" />
        <option value="1652252072455" />
        <option value="1652362537914" />
        <option value="1652375932942" />
        <option value="1652471574766" />
        <option value="1652557961263" />
        <option value="1652658260260" />
        <option value="1652739539168" />
        <option value="1652807268354" />
        <option value="1652915511709" />
        <option value="1652980145590" />
        <option value="1653076015370" />
        <option value="1653152596356" />
        <option value="1653240031575" />
        <option value="1653337717746" />
        <option value="1653449600077" />
        <option value="1653516254276" />
        <option value="1653670084245" />
        <option value="1653671008302" />
        <option value="1653760995418" />
      </list>
    </option>
  </component>
</application>