<keymap version="1" name="Mac Yuda" parent="Mac OS X 10.5+">
  <action id="$Copy">
    <keyboard-shortcut first-keystroke="alt c" />
  </action>
  <action id="$Cut">
    <keyboard-shortcut first-keystroke="shift delete" />
    <keyboard-shortcut first-keystroke="alt x" />
  </action>
  <action id="$Paste">
    <keyboard-shortcut first-keystroke="shift insert" />
    <keyboard-shortcut first-keystroke="alt v" />
  </action>
  <action id="$Redo">
    <keyboard-shortcut first-keystroke="shift alt z" />
  </action>
  <action id="$SelectAll">
    <keyboard-shortcut first-keystroke="ctrl a" />
  </action>
  <action id="$Undo">
    <keyboard-shortcut first-keystroke="alt z" />
  </action>
  <action id="ActivateDebugToolWindow" />
  <action id="ActivateFavoritesToolWindow" />
  <action id="ActivateFlutterOutlineToolWindow">
    <keyboard-shortcut first-keystroke="alt 7" />
  </action>
  <action id="ActivateProjectToolWindow">
    <keyboard-shortcut first-keystroke="alt 1" />
  </action>
  <action id="ActivateRunToolWindow">
    <keyboard-shortcut first-keystroke="alt 2" />
  </action>
  <action id="ActivateStructureToolWindow">
    <keyboard-shortcut first-keystroke="alt 3" />
  </action>
  <action id="ActivateTerminalToolWindow">
    <keyboard-shortcut first-keystroke="alt 8" />
  </action>
  <action id="ActivateVersionControlToolWindow">
    <keyboard-shortcut first-keystroke="alt 9" />
  </action>
  <action id="AddToFavoritesPopup" />
  <action id="Arrangement.Rule.Match.Condition.Move.Down" />
  <action id="Back">
    <keyboard-shortcut first-keystroke="alt left" />
  </action>
  <action id="ChangesView.AddUnversioned">
    <keyboard-shortcut first-keystroke="shift ctrl alt a" />
  </action>
  <action id="ChangesView.Diff" />
  <action id="ChangesView.Revert">
    <keyboard-shortcut first-keystroke="ctrl alt z" />
  </action>
  <action id="CheckinProject">
    <keyboard-shortcut first-keystroke="alt k" />
  </action>
  <action id="CloseContent">
    <keyboard-shortcut first-keystroke="alt w" />
  </action>
  <action id="CollapseRegion">
    <keyboard-shortcut first-keystroke="alt minus" />
  </action>
  <action id="Console.TableResult.CloneRow" />
  <action id="ConvertIndentsToTabs">
    <keyboard-shortcut first-keystroke="meta alt s" />
  </action>
  <action id="CopyPaths" />
  <action id="Diff.ApplyLeftSide" />
  <action id="Diff.ApplyRightSide" />
  <action id="Diff.NextChange">
    <keyboard-shortcut first-keystroke="shift meta close_bracket" />
  </action>
  <action id="Diff.PrevChange">
    <keyboard-shortcut first-keystroke="shift meta open_bracket" />
  </action>
  <action id="Diff.ShowDiff" />
  <action id="EditSource">
    <keyboard-shortcut first-keystroke="alt down" />
  </action>
  <action id="Editor Copy">
    <keyboard-shortcut first-keystroke="alt c" />
  </action>
  <action id="Editor Cut">
    <keyboard-shortcut first-keystroke="alt x" />
  </action>
  <action id="Editor Paste">
    <keyboard-shortcut first-keystroke="alt v" />
  </action>
  <action id="Editor Redo">
    <keyboard-shortcut first-keystroke="shift alt z" />
  </action>
  <action id="Editor SelectAll">
    <keyboard-shortcut first-keystroke="ctrl a" />
  </action>
  <action id="Editor Undo">
    <keyboard-shortcut first-keystroke="alt z" />
  </action>
  <action id="EditorCompleteStatement">
    <keyboard-shortcut first-keystroke="shift alt enter" />
  </action>
  <action id="EditorDeleteLine">
    <keyboard-shortcut first-keystroke="alt back_space" />
  </action>
  <action id="EditorDeleteToWordStart">
    <keyboard-shortcut first-keystroke="ctrl alt back_space" />
  </action>
  <action id="EditorDuplicate">
    <keyboard-shortcut first-keystroke="alt d" />
  </action>
  <action id="EditorLineEnd">
    <keyboard-shortcut first-keystroke="end" />
  </action>
  <action id="EditorLineEndWithSelection">
    <keyboard-shortcut first-keystroke="shift alt page_down" />
  </action>
  <action id="EditorLineStart">
    <keyboard-shortcut first-keystroke="home" />
  </action>
  <action id="EditorLineStartWithSelection">
    <keyboard-shortcut first-keystroke="shift alt page_up" />
  </action>
  <action id="EditorLookupDown" />
  <action id="EditorMoveToPageTop">
    <keyboard-shortcut first-keystroke="shift ctrl up" />
  </action>
  <action id="EditorNextWord">
    <keyboard-shortcut first-keystroke="ctrl right" />
  </action>
  <action id="EditorNextWordWithSelection">
    <keyboard-shortcut first-keystroke="shift ctrl right" />
  </action>
  <action id="EditorPreviousWord">
    <keyboard-shortcut first-keystroke="ctrl left" />
  </action>
  <action id="EditorPreviousWordWithSelection">
    <keyboard-shortcut first-keystroke="shift ctrl left" />
  </action>
  <action id="EditorTextEnd">
    <keyboard-shortcut first-keystroke="ctrl page_down" />
  </action>
  <action id="EditorTextEndWithSelection">
    <keyboard-shortcut first-keystroke="shift ctrl page_down" />
  </action>
  <action id="EditorTextStart">
    <keyboard-shortcut first-keystroke="ctrl page_up" />
  </action>
  <action id="EditorTextStartWithSelection">
    <keyboard-shortcut first-keystroke="shift ctrl page_up" />
  </action>
  <action id="EditorToggleCase">
    <keyboard-shortcut first-keystroke="shift alt u" />
  </action>
  <action id="EditorUnSelectWord" />
  <action id="Exit">
    <keyboard-shortcut first-keystroke="alt q" />
  </action>
  <action id="ExpandRegion">
    <keyboard-shortcut first-keystroke="alt equals" />
  </action>
  <action id="Find">
    <keyboard-shortcut first-keystroke="alt f" />
  </action>
  <action id="FindInPath">
    <keyboard-shortcut first-keystroke="shift alt f" />
  </action>
  <action id="Flutter.JumpToSource" />
  <action id="Forward">
    <keyboard-shortcut first-keystroke="alt right" />
  </action>
  <action id="Git.Reset">
    <keyboard-shortcut first-keystroke="shift ctrl alt h" />
  </action>
  <action id="GotoAction">
    <keyboard-shortcut first-keystroke="shift alt a" />
  </action>
  <action id="GotoClass">
    <keyboard-shortcut first-keystroke="alt o" />
  </action>
  <action id="GotoDeclaration">
    <keyboard-shortcut first-keystroke="alt b" />
  </action>
  <action id="GotoFile">
    <keyboard-shortcut first-keystroke="shift alt o" />
  </action>
  <action id="GotoImplementation">
    <keyboard-shortcut first-keystroke="ctrl alt b" />
  </action>
  <action id="GotoLine">
    <keyboard-shortcut first-keystroke="alt l" />
  </action>
  <action id="GotoSuperMethod">
    <keyboard-shortcut first-keystroke="alt u" />
  </action>
  <action id="GotoSymbol">
    <keyboard-shortcut first-keystroke="shift ctrl alt o" />
  </action>
  <action id="GotoTypeDeclaration">
    <keyboard-shortcut first-keystroke="shift alt b" />
  </action>
  <action id="JumpToLastChange">
    <keyboard-shortcut first-keystroke="shift alt back_space" />
  </action>
  <action id="List-selectLastRowExtendSelection" />
  <action id="LocalHistory.ShowHistory">
    <keyboard-shortcut first-keystroke="shift ctrl h" />
  </action>
  <action id="MethodDown" />
  <action id="MethodHierarchy">
    <keyboard-shortcut first-keystroke="shift alt h" />
  </action>
  <action id="MethodOverloadSwitchDown" />
  <action id="NextEditorTab" />
  <action id="NextTab">
    <keyboard-shortcut first-keystroke="alt page_down" />
  </action>
  <action id="PreviousEditorTab" />
  <action id="PreviousTab">
    <keyboard-shortcut first-keystroke="alt page_up" />
  </action>
  <action id="ReformatCode">
    <keyboard-shortcut first-keystroke="shift ctrl alt l" />
  </action>
  <action id="Refresh">
    <keyboard-shortcut first-keystroke="alt e" />
  </action>
  <action id="Replace">
    <keyboard-shortcut first-keystroke="alt r" />
  </action>
  <action id="ReplaceInPath">
    <keyboard-shortcut first-keystroke="shift alt r" />
  </action>
  <action id="RerunTests">
    <keyboard-shortcut first-keystroke="ctrl meta r" />
  </action>
  <action id="RunDashboard.CopyConfiguration" />
  <action id="ShowContent" />
  <action id="ShowReformatFileDialog" />
  <action id="ShowSearchHistory" />
  <action id="ShowSettings">
    <keyboard-shortcut first-keystroke="alt comma" />
  </action>
  <action id="Table-selectLastRowExtendSelection" />
  <action id="Tree-selectLastExtendSelection" />
  <action id="Vcs.Push">
    <keyboard-shortcut first-keystroke="shift alt k" />
  </action>
  <action id="VcsHistory.ShowAllAffected">
    <keyboard-shortcut first-keystroke="ctrl alt a" />
  </action>
  <action id="VimPluginToggle">
    <keyboard-shortcut first-keystroke="shift ctrl alt v" />
  </action>
  <action id="ZoomCurrentWindow">
    <keyboard-shortcut first-keystroke="ctrl alt equals" />
  </action>
  <action id="tasks.open.in.browser" />
</keymap>