<keymap version="1" name="Default copy 1" parent="Default for XWin">
  <action id="ActivateDatabaseToolWindow">
    <keyboard-shortcut first-keystroke="alt 0" />
  </action>
  <action id="ActivateFavoritesToolWindow" />
  <action id="ActivateServicesToolWindow">
    <keyboard-shortcut first-keystroke="alt 2" />
  </action>
  <action id="ActivateTerminalToolWindow">
    <keyboard-shortcut first-keystroke="alt f12" />
    <keyboard-shortcut first-keystroke="alt 8" />
  </action>
  <action id="Arrangement.Alias.Rule.Match.Condition.Move.Down" />
  <action id="Arrangement.Rule.Group.Condition.Move.Down" />
  <action id="Arrangement.Rule.Match.Condition.Move.Down" />
  <action id="Back">
    <keyboard-shortcut first-keystroke="ctrl alt left" />
    <mouse-shortcut keystroke="button4" />
    <keyboard-shortcut first-keystroke="alt page_up" />
  </action>
  <action id="CheckinFiles">
    <keyboard-shortcut first-keystroke="shift ctrl alt k" />
  </action>
  <action id="CloseContent">
    <keyboard-shortcut first-keystroke="ctrl f4" />
    <keyboard-shortcut first-keystroke="alt w" />
  </action>
  <action id="EditSource">
    <keyboard-shortcut first-keystroke="alt slash" />
    <keyboard-shortcut first-keystroke="alt down" />
  </action>
  <action id="EditorToggleUseSoftWraps">
    <keyboard-shortcut first-keystroke="shift ctrl alt s" />
  </action>
  <action id="ExternalSystem.ProjectRefreshAction" />
  <action id="FindUsages">
    <keyboard-shortcut first-keystroke="alt f7" />
    <keyboard-shortcut first-keystroke="alt comma" />
  </action>
  <action id="Forward">
    <keyboard-shortcut first-keystroke="alt page_down" />
  </action>
  <action id="Git.Pull">
    <keyboard-shortcut first-keystroke="alt p" />
  </action>
  <action id="GotoDeclaration">
    <mouse-shortcut keystroke="control button1" />
    <keyboard-shortcut first-keystroke="alt period" />
  </action>
  <action id="HippieCompletion" />
  <action id="Jdbc.OpenEditor.DDL">
    <mouse-shortcut keystroke="control button1" />
  </action>
  <action id="MethodDown" />
  <action id="NewDir">
    <keyboard-shortcut first-keystroke="alt n" />
  </action>
  <action id="NewElementMenu">
    <keyboard-shortcut first-keystroke="shift alt n" />
  </action>
  <action id="NextSplitter">
    <keyboard-shortcut first-keystroke="shift ctrl alt a" />
  </action>
  <action id="RecentLocations">
    <keyboard-shortcut first-keystroke="ctrl alt w" />
  </action>
  <action id="Run" />
  <action id="SelectInProjectView">
    <keyboard-shortcut first-keystroke="shift alt 0" />
  </action>
  <action id="ServiceView.ActivateDocker">
    <keyboard-shortcut first-keystroke="alt minus" />
  </action>
  <action id="ShowContent" />
  <action id="ShowSearchHistory" />
  <action id="SplitHorizontally">
    <keyboard-shortcut first-keystroke="shift ctrl o" />
  </action>
  <action id="SplitVertically">
    <keyboard-shortcut first-keystroke="shift ctrl e" />
  </action>
  <action id="UnsplitAll">
    <keyboard-shortcut first-keystroke="shift ctrl alt o" />
  </action>
  <action id="Vcs.ShowTabbedFileHistory">
    <keyboard-shortcut first-keystroke="alt h" />
  </action>
  <action id="XDebugger.MoveWatchDown" />
</keymap>