<keymap version="1" name="Mac Yuda" parent="Mac OS X 10.5+">
  <action id="$Cut">
    <keyboard-shortcut first-keystroke="meta x" />
  </action>
  <action id="$Delete">
    <keyboard-shortcut first-keystroke="delete" />
    <keyboard-shortcut first-keystroke="back_space" />
  </action>
  <action id="$Redo">
    <keyboard-shortcut first-keystroke="shift meta z" />
  </action>
  <action id="ActivateDatabaseToolWindow">
    <keyboard-shortcut first-keystroke="meta 2" />
  </action>
  <action id="ActivateDebugToolWindow" />
  <action id="ActivateFavoritesToolWindow" />
  <action id="ActivateFlutterOutlineToolWindow">
    <keyboard-shortcut first-keystroke="alt 7" />
  </action>
  <action id="ActivateRunToolWindow">
    <keyboard-shortcut first-keystroke="alt 2" />
  </action>
  <action id="ActivateServicesToolWindow" />
  <action id="ActivateTerminalToolWindow">
    <keyboard-shortcut first-keystroke="meta 8" />
  </action>
  <action id="AddToFavoritesPopup" />
  <action id="Arrangement.Rule.Add">
    <keyboard-shortcut first-keystroke="meta n" />
  </action>
  <action id="Arrangement.Rule.Match.Condition.Move.Down" />
  <action id="Arrangement.Rule.Remove">
    <keyboard-shortcut first-keystroke="delete" />
    <keyboard-shortcut first-keystroke="back_space" />
  </action>
  <action id="AutoIndentLines" />
  <action id="Back">
    <keyboard-shortcut first-keystroke="ctrl left" />
  </action>
  <action id="ChangesView.AddUnversioned">
    <keyboard-shortcut first-keystroke="shift ctrl a" />
  </action>
  <action id="ChangesView.Diff" />
  <action id="ChangesView.Revert">
    <keyboard-shortcut first-keystroke="ctrl alt z" />
  </action>
  <action id="ChangesView.ShelveSilently" />
  <action id="CheckinFiles">
    <keyboard-shortcut first-keystroke="shift ctrl meta k" />
  </action>
  <action id="CloseProject">
    <keyboard-shortcut first-keystroke="meta q" />
  </action>
  <action id="CollapseRegion">
    <keyboard-shortcut first-keystroke="alt minus" />
  </action>
  <action id="CompareDirs" />
  <action id="CompareTwoFiles" />
  <action id="Console.Execute.Multiline" />
  <action id="Console.Jdbc.Execute" />
  <action id="Console.Jdbc.Execute.2">
    <keyboard-shortcut first-keystroke="alt enter" />
  </action>
  <action id="Console.TableResult.CloneRow" />
  <action id="Console.TableResult.EditValue">
    <keyboard-shortcut first-keystroke="f2" />
    <keyboard-shortcut first-keystroke="enter" />
  </action>
  <action id="Console.TableResult.NavigateAction" />
  <action id="Console.TableResult.Submit" />
  <action id="ConvertIndentsToTabs">
    <keyboard-shortcut first-keystroke="meta alt s" />
  </action>
  <action id="CopyPaths" />
  <action id="DatabaseView.ShowDiff" />
  <action id="DebugClass" />
  <action id="Diff.ApplyLeftSide" />
  <action id="Diff.ApplyRightSide" />
  <action id="Diff.NextChange">
    <keyboard-shortcut first-keystroke="shift meta close_bracket" />
  </action>
  <action id="Diff.PrevChange">
    <keyboard-shortcut first-keystroke="shift meta open_bracket" />
  </action>
  <action id="Diff.ShowDiff">
    <keyboard-shortcut first-keystroke="shift ctrl d" />
  </action>
  <action id="DirDiffMenu.SynchronizeDiff.All" />
  <action id="DuplicatesForm.SendToLeft" />
  <action id="DuplicatesForm.SendToRight" />
  <action id="EditSource">
    <keyboard-shortcut first-keystroke="ctrl down" />
  </action>
  <action id="Editor Copy">
    <keyboard-shortcut first-keystroke="meta c" />
  </action>
  <action id="Editor Cut">
    <keyboard-shortcut first-keystroke="meta x" />
  </action>
  <action id="Editor Paste">
    <keyboard-shortcut first-keystroke="meta v" />
  </action>
  <action id="Editor Redo">
    <keyboard-shortcut first-keystroke="shift meta z" />
  </action>
  <action id="Editor SelectAll">
    <keyboard-shortcut first-keystroke="meta a" />
  </action>
  <action id="Editor Undo">
    <keyboard-shortcut first-keystroke="meta z" />
  </action>
  <action id="EditorCompleteStatement">
    <keyboard-shortcut first-keystroke="shift alt enter" />
  </action>
  <action id="EditorDecreaseFontSize">
    <keyboard-shortcut first-keystroke="ctrl meta minus" />
  </action>
  <action id="EditorDeleteLine">
    <keyboard-shortcut first-keystroke="alt back_space" />
    <keyboard-shortcut first-keystroke="meta back_space" />
  </action>
  <action id="EditorDeleteToWordStart">
    <keyboard-shortcut first-keystroke="ctrl alt back_space" />
  </action>
  <action id="EditorIncreaseFontSize">
    <keyboard-shortcut first-keystroke="ctrl meta equals" />
  </action>
  <action id="EditorLineEnd">
    <keyboard-shortcut first-keystroke="meta right" />
  </action>
  <action id="EditorLineEndWithSelection">
    <keyboard-shortcut first-keystroke="shift meta right" />
  </action>
  <action id="EditorLineStart">
    <keyboard-shortcut first-keystroke="meta left" />
  </action>
  <action id="EditorLineStartWithSelection">
    <keyboard-shortcut first-keystroke="shift meta left" />
  </action>
  <action id="EditorLookupDown" />
  <action id="EditorLookupUp" />
  <action id="EditorMoveToPageBottom" />
  <action id="EditorMoveToPageTop">
    <keyboard-shortcut first-keystroke="meta up" />
  </action>
  <action id="EditorPasteFromX11" />
  <action id="EditorPasteSimple">
    <keyboard-shortcut first-keystroke="shift meta v" />
  </action>
  <action id="EditorSelectWord">
    <keyboard-shortcut first-keystroke="ctrl w" />
  </action>
  <action id="EditorSplitLine" />
  <action id="EditorTextEnd">
    <keyboard-shortcut first-keystroke="ctrl page_down" />
  </action>
  <action id="EditorTextEndWithSelection">
    <keyboard-shortcut first-keystroke="shift ctrl page_down" />
  </action>
  <action id="EditorTextStart">
    <keyboard-shortcut first-keystroke="ctrl page_up" />
  </action>
  <action id="EditorTextStartWithSelection">
    <keyboard-shortcut first-keystroke="shift ctrl page_up" />
  </action>
  <action id="EditorToggleCase">
    <keyboard-shortcut first-keystroke="shift alt u" />
  </action>
  <action id="EditorUnSelectWord" />
  <action id="Exit">
    <keyboard-shortcut first-keystroke="alt q" />
  </action>
  <action id="ExpandRegion">
    <keyboard-shortcut first-keystroke="alt equals" />
  </action>
  <action id="ExternalSystem.DetachProject">
    <keyboard-shortcut first-keystroke="delete" />
    <keyboard-shortcut first-keystroke="back_space" />
  </action>
  <action id="FileChooser.GotoDesktop" />
  <action id="FileChooser.GotoHome" />
  <action id="FileChooser.GotoProject" />
  <action id="FindNext" />
  <action id="FindUsages" />
  <action id="Flutter.JumpToSource" />
  <action id="FocusEditor" />
  <action id="Forward">
    <keyboard-shortcut first-keystroke="ctrl right" />
  </action>
  <action id="Generate">
    <keyboard-shortcut first-keystroke="ctrl enter" />
  </action>
  <action id="Git.Reset">
    <keyboard-shortcut first-keystroke="shift ctrl alt h" />
  </action>
  <action id="Go.NewGoFile">
    <keyboard-shortcut first-keystroke="shift meta n" />
  </action>
  <action id="GoOpenSettings" />
  <action id="GotoAction">
    <keyboard-shortcut first-keystroke="shift alt a" />
  </action>
  <action id="GotoChangedFile" />
  <action id="GotoClass">
    <keyboard-shortcut first-keystroke="alt o" />
  </action>
  <action id="GotoDeclaration">
    <keyboard-shortcut first-keystroke="alt period" />
  </action>
  <action id="GotoFile" />
  <action id="GotoImplementation">
    <keyboard-shortcut first-keystroke="meta down" />
  </action>
  <action id="GotoLine">
    <keyboard-shortcut first-keystroke="meta g" />
  </action>
  <action id="GotoPreviousError" />
  <action id="GotoRelated" />
  <action id="GotoSuperMethod">
    <keyboard-shortcut first-keystroke="ctrl alt comma" />
  </action>
  <action id="GotoSymbol">
    <keyboard-shortcut first-keystroke="shift ctrl alt o" />
  </action>
  <action id="GotoTypeDeclaration">
    <keyboard-shortcut first-keystroke="meta alt comma" />
  </action>
  <action id="JumpToLastChange">
    <keyboard-shortcut first-keystroke="shift alt back_space" />
  </action>
  <action id="List-selectLastRowExtendSelection" />
  <action id="LocalHistory.ShowHistory">
    <keyboard-shortcut first-keystroke="shift meta h" />
  </action>
  <action id="MethodDown">
    <keyboard-shortcut first-keystroke="alt down" />
  </action>
  <action id="MethodHierarchy">
    <keyboard-shortcut first-keystroke="shift alt h" />
  </action>
  <action id="MethodOverloadSwitchDown" />
  <action id="MethodUp">
    <keyboard-shortcut first-keystroke="alt up" />
  </action>
  <action id="NewElement">
    <keyboard-shortcut first-keystroke="meta n" />
  </action>
  <action id="NewScratchFile" />
  <action id="NextEditorTab" />
  <action id="NextTab">
    <keyboard-shortcut first-keystroke="meta alt right" />
  </action>
  <action id="OpenFile">
    <keyboard-shortcut first-keystroke="meta o" />
  </action>
  <action id="PasteMultiple" />
  <action id="PreviousEditorTab" />
  <action id="PreviousTab">
    <keyboard-shortcut first-keystroke="meta alt left" />
  </action>
  <action id="ReformatCode">
    <keyboard-shortcut first-keystroke="ctrl meta l" />
  </action>
  <action id="Refresh">
    <keyboard-shortcut first-keystroke="alt e" />
  </action>
  <action id="RenameElement">
    <keyboard-shortcut first-keystroke="shift f2" />
  </action>
  <action id="Rerun" />
  <action id="RerunTests">
    <keyboard-shortcut first-keystroke="ctrl meta r" />
  </action>
  <action id="RunDashboard.CopyConfiguration" />
  <action id="RunDashboard.Debug" />
  <action id="SearchEverywhere.NavigateToNextGroup">
    <keyboard-shortcut first-keystroke="page_down" />
  </action>
  <action id="SearchEverywhere.NavigateToPrevGroup">
    <keyboard-shortcut first-keystroke="page_up" />
  </action>
  <action id="SelectInProjectView">
    <keyboard-shortcut first-keystroke="shift meta o" />
  </action>
  <action id="SendEOF" />
  <action id="ServiceView.JumpToServices">
    <keyboard-shortcut first-keystroke="alt home" />
  </action>
  <action id="ShowContent" />
  <action id="ShowIntentionActions">
    <keyboard-shortcut first-keystroke="meta enter" />
  </action>
  <action id="ShowNavBar">
    <keyboard-shortcut first-keystroke="alt home" />
  </action>
  <action id="ShowReformatFileDialog" />
  <action id="ShowSearchHistory" />
  <action id="ShowSettings">
    <keyboard-shortcut first-keystroke="alt comma" />
  </action>
  <action id="Table-selectLastRowExtendSelection" />
  <action id="Terminal.CopySelectedText">
    <keyboard-shortcut first-keystroke="meta insert" />
  </action>
  <action id="Terminal.Paste">
    <keyboard-shortcut first-keystroke="shift ctrl v" />
  </action>
  <action id="Terminal.SmartCommandExecution.Run" />
  <action id="Terminal.SwitchFocusToEditor" />
  <action id="Tree-selectLastExtendSelection" />
  <action id="UsageView.Exclude">
    <keyboard-shortcut first-keystroke="delete" />
    <keyboard-shortcut first-keystroke="back_space" />
  </action>
  <action id="Vcs.EditSource" />
  <action id="VcsHistory.ShowAllAffected">
    <keyboard-shortcut first-keystroke="ctrl alt a" />
  </action>
  <action id="ViewSource" />
  <action id="VimPluginToggle">
    <keyboard-shortcut first-keystroke="shift ctrl alt v" />
  </action>
  <action id="XDebugger.JumpToSource" />
  <action id="XDebugger.RemoveWatch">
    <keyboard-shortcut first-keystroke="delete" />
    <keyboard-shortcut first-keystroke="back_space" />
  </action>
  <action id="ZoomCurrentWindow">
    <keyboard-shortcut first-keystroke="ctrl alt equals" />
  </action>
  <action id="android.deploy.ApplyChanges">
    <keyboard-shortcut first-keystroke="ctrl meta e" />
  </action>
  <action id="android.deploy.CodeSwap">
    <keyboard-shortcut first-keystroke="shift ctrl meta e" />
  </action>
  <action id="tasks.open.in.browser" />
</keymap>