<application>
  <component name="FileTypeManager" version="18">
    <ignoreFiles list="*$py.class;*.pyc;*.pyo;*.rbc;*.yarb;*~;.DS_Store;.git;.hg;.svn;CVS;__pycache__;_svn;vssver.scc;vssver2.scc" />
    <extensionMap>
      <mapping ext="srcjar" type="ARCHIVE" />
      <mapping pattern="getQuestion" type="JSON" />
      <mapping pattern="getQuestion.json" type="Native" />
      <mapping pattern="notes" type="PLAIN_TEXT" />
      <mapping pattern=".env" type="PLAIN_TEXT" />
      <mapping pattern="version" type="PLAIN_TEXT" />
      <mapping pattern=".gitkeep" type="PLAIN_TEXT" />
      <mapping pattern="1" type="PLAIN_TEXT" />
      <mapping pattern="mrtgexchg" type="PLAIN_TEXT" />
      <mapping pattern="config-backup-20200226" type="PLAIN_TEXT" />
      <mapping ext="goxx" type="PLAIN_TEXT" />
      <mapping ext="idx" type="PLAIN_TEXT" />
      <mapping ext="pprof" type="PLAIN_TEXT" />
      <mapping ext="log-2019-10-11" type="PLAIN_TEXT" />
      <mapping ext="local" type="PLAIN_TEXT" />
      <mapping ext="dat" type="PLAIN_TEXT" />
      <mapping ext="yamlxx" type="PLAIN_TEXT" />
      <mapping ext="block" type="PLAIN_TEXT" />
      <mapping pattern="https" type="YAML" />
      <removed_mapping ext="bat" approved="true" type="PLAIN_TEXT" />
      <removed_mapping ext="cmd" approved="true" type="PLAIN_TEXT" />
      <removed_mapping ext="dockerfile" approved="true" type="textmate" />
      <removed_mapping ext="log" approved="true" type="PLAIN_TEXT" />
      <removed_mapping ext="makefile" approved="true" type="textmate" />
      <removed_mapping ext="md" approved="true" type="Go Template" />
      <removed_mapping ext="snakefile" approved="true" type="textmate" />
      <removed_mapping ext="txt" approved="true" type="PLAIN_TEXT" />
      <removed_mapping pattern=".env" approved="true" type=".env file" />
      <mapping ext="gradle.kts" type="Kotlin" />
      <mapping ext="main.kts" type="Kotlin" />
      <mapping ext="nsh" type="NSIS script" />
    </extensionMap>
  </component>
</application>