<keymap version="1" name="macOS copy" parent="Mac OS X 10.5+">
  <action id="CheckinFiles">
    <keyboard-shortcut first-keystroke="meta alt k" />
  </action>
  <action id="CloseProject">
    <keyboard-shortcut first-keystroke="ctrl meta j" />
  </action>
  <action id="EditorSelectWord">
    <keyboard-shortcut first-keystroke="ctrl w" />
  </action>
  <action id="Git.Commit.And.Push.Executor" />
  <action id="Git.Pull">
    <keyboard-shortcut first-keystroke="ctrl meta p" />
  </action>
  <action id="GotoCustomRegion" />
  <action id="GotoDeclaration">
    <keyboard-shortcut first-keystroke="alt period" />
  </action>
  <action id="GotoImplementation">
    <keyboard-shortcut first-keystroke="meta alt period" />
  </action>
  <action id="Hg.Commit.And.Push.Executor" />
  <action id="LocalHistory.ShowHistory">
    <keyboard-shortcut first-keystroke="alt h" />
  </action>
  <action id="LocalHistory.ShowSelectionHistory">
    <keyboard-shortcut first-keystroke="shift alt h" />
  </action>
  <action id="RenameElement">
    <keyboard-shortcut first-keystroke="shift f6" />
    <keyboard-shortcut first-keystroke="alt b" />
  </action>
  <action id="SelectInProjectView">
    <keyboard-shortcut first-keystroke="shift meta 0" />
  </action>
</keymap>