<keymap version="1" name="Default copy" parent="$default">
  <action id="$Redo">
    <keyboard-shortcut first-keystroke="shift ctrl z" />
  </action>
  <action id="ActivateLogcatToolWindow">
    <keyboard-shortcut first-keystroke="alt 6" />
  </action>
  <action id="ActivateTODOToolWindow" />
  <action id="Arrangement.Rule.Match.Condition.Move.Down" />
  <action id="CloseContent">
    <keyboard-shortcut first-keystroke="ctrl f4" />
    <keyboard-shortcut first-keystroke="alt w" />
  </action>
  <action id="CollapseSelection" />
  <action id="EditSource">
    <keyboard-shortcut first-keystroke="alt down" />
  </action>
  <action id="EditorChooseLookupItemDot" />
  <action id="Forward">
    <keyboard-shortcut first-keystroke="ctrl alt right" />
  </action>
  <action id="Go.NewGoFile">
    <keyboard-shortcut first-keystroke="alt n" />
  </action>
  <action id="GotoDeclaration">
    <mouse-shortcut keystroke="control button1" />
    <mouse-shortcut keystroke="button2" />
    <keyboard-shortcut first-keystroke="ctrl period" />
  </action>
  <action id="GotoFile" />
  <action id="GotoImplementation">
    <mouse-shortcut keystroke="control alt button1" />
    <keyboard-shortcut first-keystroke="ctrl b" />
  </action>
  <action id="GotoTypeDeclaration">
    <mouse-shortcut keystroke="shift control button1" />
    <keyboard-shortcut first-keystroke="ctrl alt b" />
  </action>
  <action id="Jdbc.OpenEditor.DDL">
    <mouse-shortcut keystroke="control button1" />
    <mouse-shortcut keystroke="button2" />
    <keyboard-shortcut first-keystroke="ctrl period" />
  </action>
  <action id="MethodDown" />
  <action id="NewElementInMenuGroup">
    <keyboard-shortcut first-keystroke="shift ctrl n" />
  </action>
  <action id="NewElementMenu">
    <keyboard-shortcut first-keystroke="shift ctrl n" />
  </action>
  <action id="SelectInProjectView">
    <keyboard-shortcut first-keystroke="shift alt o" />
  </action>
  <action id="ShowContent" />
  <action id="UpdateRunningApplication" />
  <action id="XDebugger.MoveWatchDown" />
  <action id="android.deploy.ApplyChanges">
    <keyboard-shortcut first-keystroke="ctrl f10" />
  </action>
  <action id="android.deploy.CodeSwap">
    <keyboard-shortcut first-keystroke="ctrl alt f10" />
  </action>
</keymap>