<application>
  <component name="DartCodeInsightSettings">
    <option name="SHOW_CLOSING_LABELS" value="false" />
  </component>
  <component name="PropertiesComponent">
    <property name="ATTACHED_TOOL_WINDOW.DEFAULT.Preview.PALETTE.AUTO_HIDE" value="true" />
    <property name="ATTACHED_TOOL_WINDOW.DEFAULT.Preview.PALETTE.LEFT" value="true" />
    <property name="ATTACHED_TOOL_WINDOW.DEFAULT.Preview.PALETTE.SPLIT" value="false" />
    <property name="ATTACHED_TOOL_WINDOW.DEFAULT.Preview.TOOL_ORDER" value="PALETTE" />
    <property name="ATTACHED_TOOL_WINDOW.Preview.PALETTE.AUTO_HIDE" value="true" />
    <property name="ATTACHED_TOOL_WINDOW.Preview.PALETTE.LEFT" value="true" />
    <property name="ATTACHED_TOOL_WINDOW.Preview.TOOL_ORDER" value="PALETTE" />
    <property name="AndroidInitConfigurator.V1" value="true" />
    <property name="AndroidInitConfigurator.V3" value="true" />
    <property name="AndroidInitConfigurator.V5" value="true" />
    <property name="CommitChangeListDialog.DETAILS_SPLITTER_PROPORTION_2" value="0.62114537" />
    <property name="Copy.OpenInEditor" value="false" />
    <property name="DART_CHECK_SDK_UPDATE_KEY" value="DoNotCheck" />
    <property name="DART_SDK_KNOWN_PATHS" value="$USER_HOME$/flutter/bin/cache/dart-sdk" />
    <property name="Default.savedEditorTheme" value="_@user_Default" />
    <property name="FLUTTER_COMPANY_DOMAIN" value="yudaprama.com" />
    <property name="FLUTTER_LAST_SURVEY_CHECK_KEY" value="1558760837762" />
    <property name="FLUTTER_PROJECT_KOTLIN_SUPPORT" value="true" />
    <property name="FLUTTER_PROJECT_SWIFT_SUPPORT" value="true" />
    <property name="FLUTTER_SDK_KNOWN_PATHS" value="$USER_HOME$/flutter" />
    <property name="FileTemplates.SelectedTemplate" value="HTML File" />
    <property name="InstalledPluginsSearchHistory" value="fab&#10;kot" />
    <property name="KEYMAP" value="quick&#10;terminal&#10;tab" />
    <property name="PLUGIN_FILTER" value="golang&#10;go" />
    <property name="PluginConfigurable.selectionTab" value="1" />
    <property name="SearchEveryWhereHistory" value="req&#10;divide&#10;popme&#10;phone&#10;expansiontile" />
    <property name="SettingsSearchHistory" value="terminal&#10;offline&#10;local&#10;convert inden&#10;reformat code" />
    <property name="TrendingPluginsSearchHistory" value="kotlin" />
    <property name="android-component-compatibility-check" value="1559291242572" />
    <property name="android.apk.viewer" value="0.48158255" />
    <property name="build.toolwindow.Build Output.selection.state" value="com.intellij.build.BuildTreeConsoleView" />
    <property name="build.toolwindow.Build.selection.state" value="com.intellij.build.BuildTreeConsoleView" />
    <property name="build.toolwindow.Sync.selection.state" value="com.intellij.build.BuildTreeConsoleView" />
    <property name="com.intellij.history.integration.ui.views.DirectoryHistoryDialog.0" value="300" />
    <property name="com.intellij.history.integration.ui.views.DirectoryHistoryDialog.searchHistory" value="gopay" />
    <property name="com.intellij.history.integration.ui.views.FileHistoryDialog.0" value="300" />
    <property name="com.intellij.history.integration.ui.views.FileHistoryDialog.1" value="800" />
    <property name="crashlytics.cmApiUrl" value="https://cm.crashlytics.com" />
    <property name="crashlytics.distributionUploadsApiUrl" value="https://distribution-uploads.crashlytics.com" />
    <property name="crashlytics.kitApiUrl" value="https://kits.crashlytics.com" />
    <property name="crashlytics.startPluginUpdater" value="true" />
    <property name="crashlytics.startSdkUpdater" value="true" />
    <property name="crashlytics.webApiUrl" value="https://api.crashlytics.com" />
    <property name="fabric.installationId" value="73c3dedf-e62b-4087-a073-b08e78a1b3ba" />
    <property name="fabric.override_email" value="false" />
    <property name="file.gist.reindex.count" value="1084" />
    <property name="fileTypeChangedCounter" value="2" />
    <property name="installed.kotlin.plugin.version" value="1.3.31-release-Studio3.4-1" />
    <property name="io.flutter.analytics.clientId" value="4187bf3e-0ef0-49c2-9087-5c057de66454" />
    <property name="io.flutter.analytics.optOut" value="true" />
    <property name="io.flutter.analytics.toastShown" value="true" />
    <property name="io.flutter.survey.2019.alreadyTaken" value="true" />
    <property name="kotlin.lastUpdateCheck" value="1557649650922" />
    <property name="kotlin.plugin.releaseDate" value="1.3.31-release-Studio3.4-1:2019-04-25" />
    <property name="lastTip" value="1" />
    <property name="plugins.preselection.path" value="$USER_HOME$/Downloads" />
    <property name="settings.code.style.selected.tab.Dart" value="Tabs and Indents" />
  </component>
</application>