<application>
  <component name="FileTypeManager" version="17">
    <extensionMap>
      <mapping pattern="getQuestion" type="JSON" />
      <mapping pattern="getQuestion.json" type="Native" />
      <mapping pattern="config-backup-20200226" type="PLAIN_TEXT" />
      <mapping pattern="1" type="PLAIN_TEXT" />
      <mapping pattern="notes" type="PLAIN_TEXT" />
      <mapping pattern="mrtgexchg" type="PLAIN_TEXT" />
      <mapping pattern="version" type="PLAIN_TEXT" />
      <mapping pattern=".gitkeep" type="PLAIN_TEXT" />
      <mapping ext="goxx" type="PLAIN_TEXT" />
      <mapping ext="idx" type="PLAIN_TEXT" />
      <mapping ext="pprof" type="PLAIN_TEXT" />
      <mapping ext="log-2019-10-11" type="PLAIN_TEXT" />
      <mapping ext="local" type="PLAIN_TEXT" />
      <mapping ext="dat" type="PLAIN_TEXT" />
      <mapping ext="yamlxx" type="PLAIN_TEXT" />
      <mapping ext="block" type="PLAIN_TEXT" />
      <removed_mapping ext="bat" approved="true" type="PLAIN_TEXT" />
      <removed_mapping ext="log" approved="true" type="PLAIN_TEXT" />
      <removed_mapping ext="cmd" approved="true" type="PLAIN_TEXT" />
      <mapping pattern="https" type="YAML" />
      <removed_mapping ext="bat" approved="true" type="PLAIN_TEXT" />
      <removed_mapping ext="log" approved="true" type="PLAIN_TEXT" />
      <removed_mapping ext="dockerfile" approved="true" type="textmate" />
      <removed_mapping ext="makefile" approved="true" type="textmate" />
      <removed_mapping ext="cmd" approved="true" type="PLAIN_TEXT" />
      <removed_mapping ext="snakefile" approved="true" type="textmate" />
    </extensionMap>
  </component>
</application>